{
    "Australia": [
        {
            "siteName": "Brisbane Library Carpentry",
            "siteLocationCity": "Brisbane",
            "siteLocationStateProvince": "Queensland, Australia",
            "siteLocationCountry": "Australia",
            "countryCode": "AU",
            "linkToTito": "https://ti.to/Mozilla/global-sprint-brisbane"
        },
        {
            "siteName": "Curtin University",
            "siteLocationCity": "Perth",
            "siteLocationStateProvince": "Western Australia",
            "siteLocationCountry": "Australia",
            "countryCode": "AU",
            "linkToTito": "https://ti.to/Mozilla/global-sprint-perth"
        }
    ],
    "Bangladesh": [
        {
            "siteName": "Mozilla Global Sprint at Sylhet (HEXit)",
            "siteLocationCity": "Sylhet - HEXit",
            "siteLocationStateProvince": "Sylhet",
            "siteLocationCountry": "Bangladesh",
            "countryCode": "BD",
            "linkToTito": "https://ti.to/Mozilla/global-sprint-hexit-sylhet"
        },
        {
            "siteName": "Sylhet Mozillians",
            "siteLocationCity": "Sylhet - Mozillians",
            "siteLocationStateProvince": "Sylhet",
            "siteLocationCountry": "Bangladesh",
            "countryCode": "BD",
            "linkToTito": "https://ti.to/Mozilla/global-sprint-sylhet-mozillians"
        },
        {
            "siteName": "Banani",
            "siteLocationCity": "Dhaka",
            "siteLocationStateProvince": "Bangladesh",
            "siteLocationCountry": "Bangladesh",
            "countryCode": "BD",
            "linkToTito": "https://ti.to/Mozilla/global-sprint-dhaka"
        }
    ],
    "Brazil": [
        {
            "siteName": "MaceioMozillaClube",
            "siteLocationCity": "Maceió",
            "siteLocationStateProvince": "Alagoas",
            "siteLocationCountry": "Brazil",
            "countryCode": "BR",
            "linkToTito": "https://ti.to/Mozilla/global-sprint-maceio-brazil"
        },
        {
            "siteName": "São Paulo",
            "siteLocationCity": "São Paulo",
            "siteLocationStateProvince": "São Paulo",
            "siteLocationCountry": "Brazil",
            "countryCode": "BR",
            "linkToTito": "https://ti.to/Mozilla/global-sprint-sao-paulo"
        }
    ],
    "Canada": [
        {
            "siteName": "Mozilla Toronto",
            "siteLocationCity": "Toronto - Mozilla Office",
            "siteLocationStateProvince": "Ontario",
            "siteLocationCountry": "Canada",
            "countryCode": "CA",
            "linkToTito": "https://ti.to/Mozilla/global-sprint-toronto"
        },
        {
            "siteName": "Dames Making Games",
            "siteLocationCity": "Toronto - Dames Making Games",
            "siteLocationStateProvince": "Ontario",
            "siteLocationCountry": "Canada",
            "countryCode": "CA",
            "linkToTito": "https://ti.to/Mozilla/global-sprint-toronto-dmg"
        },
        {
            "siteName": "Koerner Library",
            "siteLocationCity": "Vancouver",
            "siteLocationStateProvince": "British Columbia",
            "siteLocationCountry": "Canada",
            "countryCode": "CA",
            "linkToTito": "https://ti.to/Mozilla/global-sprint-vancouver"
        },
        {
            "siteName": "University of Toronto Scarborough Library",
            "siteLocationCity": "Toronto",
            "siteLocationStateProvince": "Ontario",
            "siteLocationCountry": "Canada",
            "countryCode": "CA",
            "linkToTito": "https://ti.to/Mozilla/global-sprint-ut-toronto"
        }
    ],
    "Colombia": [
        {
            "siteName": "Causa y Efecto",
            "siteLocationCity": "Medellín",
            "siteLocationStateProvince": "Antioquia",
            "siteLocationCountry": "Colombia",
            "countryCode": "CO",
            "linkToTito": "https://ti.to/Mozilla/global-sprint-medellin"
        }
    ],
    "Cote D'Ivoire ": [
        {
            "siteName": "IT INCEPT ",
            "siteLocationCity": "Abidjan",
            "siteLocationStateProvince": "Region de Lagunes",
            "siteLocationCountry": "Cote D'Ivoire ",
            "countryCode": "CI",
            "linkToTito": "https://ti.to/Mozilla/global-sprint-ivory-coast"
        }
    ],
    "Croatia": [
        {
            "siteName": "Pleternica",
            "siteLocationCity": "Split",
            "siteLocationStateProvince": "Croatia",
            "siteLocationCountry": "Croatia",
            "countryCode": "HR",
            "linkToTito": "https://ti.to/Mozilla/global-sprint-croatia"
        }
    ],
    "France": [
        {
            "siteName": "Coop Infolab",
            "siteLocationCity": "Grenoble",
            "siteLocationStateProvince": "Isère",
            "siteLocationCountry": "France",
            "countryCode": "FR",
            "linkToTito": "https://ti.to/Mozilla/global-sprint-grenoble"
        }
    ],
    "Germany": [
        {
            "siteName": "Cliqz",
            "siteLocationCity": "Munich",
            "siteLocationStateProvince": "Bavaria",
            "siteLocationCountry": "Germany",
            "countryCode": "DE",
            "linkToTito": "https://ti.to/Mozilla/global-sprint-munich"
        }
    ],
    "Ghana": [
        {
            "siteName": "Ho Node Hub",
            "siteLocationCity": "Ho",
            "siteLocationStateProvince": "Volta Region",
            "siteLocationCountry": "Ghana",
            "countryCode": "GH",
            "linkToTito": "https://ti.to/Mozilla/global-sprint-ho-ghana"
        }
    ],
    "India": [
        {
            "siteName": "HasGeek",
            "siteLocationCity": "Bengaluru",
            "siteLocationStateProvince": "Karnataka",
            "siteLocationCountry": "India",
            "countryCode": "IN",
            "linkToTito": "https://ti.to/Mozilla/global-sprint-bengaluru"
        },
        {
            "siteName": "Srinivasa Institute of engineering and technology ",
            "siteLocationCity": "Amalapuram",
            "siteLocationStateProvince": "Andhra Pradesh",
            "siteLocationCountry": "India",
            "countryCode": "IN",
            "linkToTito": "https://ti.to/Mozilla/global-sprint-amalapuram"
        },
        {
            "siteName": "Zarget",
            "siteLocationCity": "Chennai",
            "siteLocationStateProvince": "Tamilnadu",
            "siteLocationCountry": "India",
            "countryCode": "IN",
            "linkToTito": "https://ti.to/Mozilla/global-sprint-chennai"
        },
        {
            "siteName": "ICFOSS",
            "siteLocationCity": "Thiruvananthapuram",
            "siteLocationStateProvince": "Kerala",
            "siteLocationCountry": "India",
            "countryCode": "IN",
            "linkToTito": "https://ti.to/Mozilla/global-sprint-kerala"
        },
        {
            "siteName": "FoxIOT HackerSpace",
            "siteLocationCity": "Coimbatore",
            "siteLocationStateProvince": "TamilNadu",
            "siteLocationCountry": "India",
            "countryCode": "IN",
            "linkToTito": "https://ti.to/Mozilla/global-sprint-coimbatore"
        },
        {
            "siteName": "OI Amigo",
            "siteLocationCity": "Jaipur",
            "siteLocationStateProvince": "Rajasthan",
            "siteLocationCountry": "India",
            "countryCode": "IN",
            "linkToTito": "https://ti.to/Mozilla/global-sprint-jaipur"
        },
        {
            "siteName": "Hyderabad Action Sprint",
            "siteLocationCity": "Hyderabad",
            "siteLocationStateProvince": "Telangana",
            "siteLocationCountry": "India",
            "countryCode": "IN",
            "linkToTito": "https://ti.to/Mozilla/global-sprint-hyderabad"
        },
        {
            "siteName": "IIT Indore",
            "siteLocationCity": "IIT Indore",
            "siteLocationStateProvince": "Madhya Pradesh",
            "siteLocationCountry": "India",
            "countryCode": "IN",
            "linkToTito": "https://ti.to/Mozilla/global-sprint-itt-indore"
        },
        {
            "siteName": "USICT Dwarka",
            "siteLocationCity": "Dwarka",
            "siteLocationStateProvince": "New Delhi",
            "siteLocationCountry": "India",
            "countryCode": "IN",
            "linkToTito": "https://ti.to/Mozilla/global-sprint-dwarka"
        },
        {
            "siteName": "Knowledge Lab",
            "siteLocationCity": "Surat",
            "siteLocationStateProvince": "Gujarat",
            "siteLocationCountry": "India",
            "countryCode": "IN",
            "linkToTito": "https://ti.to/Mozilla/global-sprint-surat"
        },
        {
            "siteName": "sofinelabs",
            "siteLocationCity": "Nashik",
            "siteLocationStateProvince": "Maharashtra",
            "siteLocationCountry": "India",
            "countryCode": "IN",
            "linkToTito": "https://ti.to/Mozilla/global-sprint-nashik"
        }
    ],
    "Ireland": [
        {
            "siteName": "Kilroy's College",
            "siteLocationCity": "Dublin 2",
            "siteLocationStateProvince": "Leinster",
            "siteLocationCountry": "Ireland",
            "countryCode": "IE",
            "linkToTito": "https://ti.to/Mozilla/global-sprint-dublin"
        }
    ],
    "Italy": [
        {
            "siteName": "University of Catania",
            "siteLocationCity": "Catania",
            "siteLocationStateProvince": "Catania (CT)",
            "siteLocationCountry": "Italy",
            "countryCode": "IT",
            "linkToTito": "https://ti.to/Mozilla/global-sprint-cantania"
        },
        {
            "siteName": "Milano-Bicocca",
            "siteLocationCity": "Milan",
            "siteLocationStateProvince": "Milan",
            "siteLocationCountry": "Italy",
            "countryCode": "IT",
            "linkToTito": "https://ti.to/Mozilla/global-sprint-milan"
        }
    ],
    "Japan": [
        {
            "siteName": "Mozilla Japan Community Space",
            "siteLocationCity": "Chuo-ku",
            "siteLocationStateProvince": "Tokyo",
            "siteLocationCountry": "Japan",
            "countryCode": "JP",
            "linkToTito": "https://ti.to/Mozilla/global-sprint-tokyo"
        }
    ],
    "Kenya": [
        {
            "siteName": "LakeHub",
            "siteLocationCity": "Kisumu",
            "siteLocationStateProvince": "Nyanza",
            "siteLocationCountry": "Kenya",
            "countryCode": "KE",
            "linkToTito": "https://ti.to/Mozilla/global-sprint-kisumu-kenya"
        },
        {
            "siteName": "Digital Opportunity Trust Kenya Office",
            "siteLocationCity": "Nairobi",
            "siteLocationStateProvince": "Nairobi",
            "siteLocationCountry": "Kenya",
            "countryCode": "KE",
            "linkToTito": "https://ti.to/Mozilla/global-sprint-nairobi"
        },
        {
            "siteName": "Jomo Kenyatta University of Agriculture and Technology",
            "siteLocationCity": "Mombasa",
            "siteLocationStateProvince": "Coast",
            "siteLocationCountry": "Kenya",
            "countryCode": "KE",
            "linkToTito": "https://ti.to/Mozilla/global-sprint-jkuat-mombassa"
        },
        {
            "siteName": "Swahilipot Hub",
            "siteLocationCity": "Mombasa",
            "siteLocationStateProvince": "Mombasa",
            "siteLocationCountry": "Kenya",
            "countryCode": "KE",
            "linkToTito": "https://ti.to/Mozilla/global-sprint-swahilipothub-mombassa"
        }
    ],
    "México": [
        {
            "siteName": "Telmexhub",
            "siteLocationCity": "México",
            "siteLocationStateProvince": "Ciudad de méxico",
            "siteLocationCountry": "México",
            "countryCode": "MX",
            "linkToTito": "https://ti.to/Mozilla/global-sprint-mexico-city"
        }
    ],
    "Nepal": [
        {
            "siteName": "Real Time Solutions",
            "siteLocationCity": "Kathmandu",
            "siteLocationStateProvince": "Central Region",
            "siteLocationCountry": "Nepal",
            "countryCode": "NP",
            "linkToTito": "https://ti.to/Mozilla/global-sprint-kathmandu"
        }
    ],
    "Netherlands": [
        {
            "siteName": "Tilburg Universit",
            "siteLocationCity": "Tilburg",
            "siteLocationStateProvince": "North-Brabant",
            "siteLocationCountry": "Netherlands",
            "countryCode": "NL",
            "linkToTito": "https://ti.to/Mozilla/global-sprint-tilburg"
        },
        {
            "siteName": "Koninklijke Bibliotheek (KB)",
            "siteLocationCity": "The Hague",
            "siteLocationStateProvince": "zuid-Holland",
            "siteLocationCountry": "Netherlands",
            "countryCode": "NL",
            "linkToTito": "https://ti.to/Mozilla/global-sprint-the-hague"
        }
    ],
    "Nigeria": [
        {
            "siteName": "CUBRe",
            "siteLocationCity": "Sango-Ota",
            "siteLocationStateProvince": "Ogun State",
            "siteLocationCountry": "Nigeria",
            "countryCode": "NG",
            "linkToTito": "https://ti.to/Mozilla/global-sprint-ota-nigeria"
        },
        {
            "siteName": "Wennovation Hub",
            "siteLocationCity": "Ibadan",
            "siteLocationStateProvince": "Oyo State",
            "siteLocationCountry": "Nigeria",
            "countryCode": "NG",
            "linkToTito": "https://ti.to/Mozilla/global-sprint-ibadan"
        }
    ],
    "Pakistan": [
        {
            "siteName": "Moz_Sprint@UOGSKT",
            "siteLocationCity": "Sialkot - University of Gujart",
            "siteLocationStateProvince": "Punjab",
            "siteLocationCountry": "Pakistan",
            "countryCode": "PK",
            "linkToTito": "https://ti.to/Mozilla/global-sprint-sialkot"
        }
    ],
    "Portugal": [
        {
            "siteName": "Faculty of Sciences of the University of Lisbon",
            "siteLocationCity": "Lisbon",
            "siteLocationStateProvince": "Lisbon",
            "siteLocationCountry": "Portugal",
            "countryCode": "PT",
            "linkToTito": "https://ti.to/Mozilla/global-sprint-lisbon"
        }
    ],
    "Sri Lanka": [
        {
            "siteName": "TechOrin Lab 17'",
            "siteLocationCity": "Colombo - TechOrin",
            "siteLocationStateProvince": "Western Province ",
            "siteLocationCountry": "Sri Lanka",
            "countryCode": "LK",
            "linkToTito": "https://ti.to/Mozilla/global-sprint-colombo"
        },
        {
            "siteName": "WSO2.Telco inc",
            "siteLocationCity": "Colombo - WS02 Telco",
            "siteLocationStateProvince": "Western Province",
            "siteLocationCountry": "Sri Lanka",
            "countryCode": "LK",
            "linkToTito": "https://ti.to/Mozilla/global-sprint-colombo-ws02telco"
        }
    ],
    "Taiwan": [
        {
            "siteName": "Mozilla Community Space Taipei",
            "siteLocationCity": "Taipei City",
            "siteLocationStateProvince": "Taiwan",
            "siteLocationCountry": "Taiwan",
            "countryCode": "TW",
            "linkToTito": "https://ti.to/Mozilla/global-sprint-taipei"
        }
    ],
    "UK": [
        {
            "siteName": "MozLDN",
            "siteLocationCity": "London - Mozilla Office",
            "siteLocationStateProvince": "England",
            "siteLocationCountry": "UK",
            "countryCode": "UK",
            "linkToTito": "https://ti.to/Mozilla/global-sprint-london"
        },
        {
            "siteName": "British Library",
            "siteLocationCity": "London - British Library",
            "siteLocationStateProvince": "England",
            "siteLocationCountry": "UK",
            "countryCode": "UK",
            "linkToTito": "https://ti.to/Mozilla/global-sprint-britishlibrary"
        },
        {
            "siteName": "Aberdeen",
            "siteLocationCity": "Aberdeen",
            "siteLocationStateProvince": "Aberdeenshire",
            "siteLocationCountry": "UK",
            "countryCode": "UK",
            "linkToTito": "https://ti.to/Mozilla/global-sprint-aberdeen"
        },
        {
            "siteName": "University of Sheffield",
            "siteLocationCity": "Sheffield",
            "siteLocationStateProvince": "South Yorkshire",
            "siteLocationCountry": "UK",
            "countryCode": "UK",
            "linkToTito": "https://ti.to/Mozilla/global-sprint-sheffield"
        }
    ],
    "USA": [
        {
            "siteName": "Seattle",
            "siteLocationCity": "Seattle",
            "siteLocationStateProvince": "Washington",
            "siteLocationCountry": "USA",
            "countryCode": "US",
            "linkToTito": "https://ti.to/Mozilla/global-sprint-seattle"
        },
        {
            "siteName": "Brooklyn, NY",
            "siteLocationCity": "Brooklyn",
            "siteLocationStateProvince": "New York",
            "siteLocationCountry": "USA",
            "countryCode": "US",
            "linkToTito": "https://ti.to/Mozilla/global-sprint-brooklyn"
        },
        {
            "siteName": "Portland, OR",
            "siteLocationCity": "Portland",
            "siteLocationStateProvince": "Oregon",
            "siteLocationCountry": "USA",
            "countryCode": "US",
            "linkToTito": "https://ti.to/Mozilla/global-sprint-portland"
        },
        {
            "siteName": "Open Technology Institute at New America Foundation",
            "siteLocationCity": "Washington",
            "siteLocationStateProvince": "District of Columbia",
            "siteLocationCountry": "USA",
            "countryCode": "US",
            "linkToTito": "https://ti.to/Mozilla/global-sprint-washington-dc"
        },
        {
            "siteName": "Caltech Library (Sherman Fairchild Room 328)",
            "siteLocationCity": "Pasadena",
            "siteLocationStateProvince": "California",
            "siteLocationCountry": "USA",
            "countryCode": "US",
            "linkToTito": "https://ti.to/Mozilla/global-sprint-pasadena-CA"
        },
        {
            "siteName": "Twin Cities (MSP)",
            "siteLocationCity": "St Paul",
            "siteLocationStateProvince": "Minnesota",
            "siteLocationCountry": "USA",
            "countryCode": "US",
            "linkToTito": "https://ti.to/Mozilla/global-sprint-twin-cities"
        },
        {
            "siteName": "Chicago - Make Offices",
            "siteLocationCity": "Chicago",
            "siteLocationStateProvince": "Illinois",
            "siteLocationCountry": "USA",
            "countryCode": "US",
            "linkToTito": "https://ti.to/Mozilla/global-sprint-chicago "
        },
        {
            "siteName": "University of Oklahoma Libraries",
            "siteLocationCity": "Norman",
            "siteLocationStateProvince": "Oklahoma",
            "siteLocationCountry": "USA",
            "countryCode": "US",
            "linkToTito": "https://ti.to/Mozilla/global-sprint-norman"
        },
        {
            "siteName": "UCLA Library",
            "siteLocationCity": "Los Angeles",
            "siteLocationStateProvince": "California",
            "siteLocationCountry": "USA",
            "countryCode": "US",
            "linkToTito": "https://ti.to/Mozilla/global-sprint-los-angeles"
        },
        {
            "siteName": "Willis Library, University of North Texas",
            "siteLocationCity": "Denton",
            "siteLocationStateProvince": "Texas",
            "siteLocationCountry": "USA",
            "countryCode": "US",
            "linkToTito": "https://ti.to/Mozilla/global-sprint-denton-tx"
        },
        {
            "siteName": "UC Berkeley Library",
            "siteLocationCity": "Berkeley ",
            "siteLocationStateProvince": "California ",
            "siteLocationCountry": "USA",
            "countryCode": "US",
            "linkToTito": "https://ti.to/Mozilla/global-sprint-berkeley"
        },
        {
            "siteName": "University of Arizona - CyVerse",
            "siteLocationCity": "Tucson",
            "siteLocationStateProvince": "Arizona",
            "siteLocationCountry": "USA",
            "countryCode": "US",
            "linkToTito": "https://ti.to/Mozilla/global-sprint-tucson-az"
        },
        {
            "siteName": "University of Nebraska at Omaha",
            "siteLocationCity": "Omaha",
            "siteLocationStateProvince": "Nebraska",
            "siteLocationCountry": "USA",
            "countryCode": "US",
            "linkToTito": "https://ti.to/Mozilla/global-sprint-omaha"
        },
        {
            "siteName": "Manylabs",
            "siteLocationCity": "San Francisco",
            "siteLocationStateProvince": "California",
            "siteLocationCountry": "USA",
            "countryCode": "US",
            "linkToTito": "https://ti.to/Mozilla/global-sprint-manylabs-sf"
        },
        {
            "siteName": "Merrill-Cazier Library, Utah State Univesity",
            "siteLocationCity": "Logan",
            "siteLocationStateProvince": "Utah",
            "siteLocationCountry": "USA",
            "countryCode": "US",
            "linkToTito": "https://ti.to/Mozilla/global-sprint-utah-state"
        },
        {
            "siteName": "University of Michigan Library",
            "siteLocationCity": "Ann Arbor",
            "siteLocationStateProvince": "Michigan",
            "siteLocationCountry": "USA",
            "countryCode": "US",
            "linkToTito": "https://ti.to/Mozilla/global-sprint-ann-arbor"
        },
        {
            "siteName": "Mozilla  Mountain View",
            "siteLocationCity": "Mountain View",
            "siteLocationStateProvince": "California",
            "siteLocationCountry": "USA",
            "countryCode": "US",
            "linkToTito": "https://ti.to/Mozilla/global-sprint-mountainview"
        },
        {
            "siteName": "Technocopia",
            "siteLocationCity": "Worcester",
            "siteLocationStateProvince": "Massachusetts",
            "siteLocationCountry": "USA",
            "countryCode": "US",
            "linkToTito": "https://ti.to/Mozilla/global-sprint-worcester"
        }
    ]
}
